WKT,name,description
"POINT (18.2235483 46.0743285)",Csinos Pressz√≥,Buci:
2021. 08. 27.

"POINT (12.5683371 55.6760968)",Copenhagen,Lina:
Random n≈ëi WC
2022. 01. 22.
Buci:
Random WC
2022. 01. 22.
"POINT (42.7167927 43.1259916)",Chalaadi Glacier,B√©la & Nubcake:
2023. 04. 25.
"POINT (3.9682055 39.9400886)",Minorca Island,Buci:
2023. 06. 21.
"POINT (13.404954 52.5200066)",Berlin,Lina:
2023. 08. 01.
"POINT (10.1801883 47.9837999)",Memmingen,Timi:
2023. 08. 12.
"POINT (19.0627932 47.476639)",A38,Buci:
Circa 2021.
2024. 09. 29.
Timi:
2024. 09. 29.
Petaki:
2024. 09. 29.
2024. 12. 30.
"POINT (4.3488172 50.8473524)",Sz√°jer Ereszcsatorna,B√©la:
2023. 08. 14.
2023. 08. 14.
2023. 08. 14.
ZsG:
2025. 05. 16.
"POINT (4.8999505 52.3740194)",Red Light District Amsterdam Centrum,B√©la:
2023. 08. 16.
"POINT (100.5105901 13.7398586)",Bangkok Chinatown,B√©la:
2023. 09. 21.
"POINT (99.7627085 19.8232669)",Wat Rong Khun - White Temple,B√©la:
2023. 08. 26.
"POINT (14.0844033 46.3925348)",Vintgar Gorge,Timi:
2023. 09. 20.
"POINT (13.377704 52.5162746)",Brandenburg Gate,Buci:
2023. 09. 21.
"POINT (13.7967702 46.2927372)",Savica Waterfall,Timi:
2023. 09. 21.
"POINT (13.3787126 52.5139474)",Memorial to the Murdered Jews of Europe,Buci:
2023. 09. 21.
"POINT (13.3903913 52.5074434)",Checkpoint Charlie,Buci:
2023. 09. 21.
"POINT (13.8406469 46.2636448)",Vogel,Timi:
2023. 09. 21.
"POINT (13.3759441 52.5096488)",Potsdamer Platz,Buci:
2023. 09. 21.
"POINT (13.401078 52.5190608)",Berlin Cathedral,Buci:
2023. 09. 21.
"POINT (14.5057515 46.0569465)",Ljubljana,Timi:
2023. 09. 22.
"POINT (13.3453729 52.4990554)",Elef√°nt √©tterem gumiautomata,Buci:
2023. 09. 22.
"POINT (13.4429945 52.5110691)",Berghain | Panorama Bar,Buci:
2023. 09. 23.
"POINT (11.5819806 48.1351253)",Munich,Buci:
2023. 09. 24.
"POINT (13.05501 47.80949)",Salzburg,Buci:
2023. 09. 25.
"POINT (4.3570677 52.0115769)",Delft,B√©la:
2023. 10. 02.

"POINT (5.9582384 52.2164308)",Apeldoorn,B√©la:
2023. 10. 03.
"POINT (19.0534992 47.4731377)",Koli melletti zs√≠r √∫j raklap basz,Den:
2023. 10. 07.
"POINT (2.2944813 48.8583701)",Eiffel Tower,Domca:
2023. 10. 11.
"POINT (4.9123385 52.3742111)",NEMO Science Museum,Kopasz:
2023. 10. 29.
"POINT (4.9261789 52.3668648)",De Gooyer Molen (windmill),Kopasz:
2023. 10. 29.
"POINT (18.094313 47.036437)",Balatonkenese,Petaki:
2021. 07. 05.
2021. 08. 17.
2021. 08. 17.

"POINT (2.191063 41.397688)",Csicska ciq√°ny disco,Buci:
2023. 04. 20.
"POINT (19.092813 47.487437)",G√≥lya Pressz√≥,Petaki:
2022. 03. 11.
2025. 04. 11.
Timi:
2025. 04. 11.
"POINT (19.072688 47.483812)",√âleszt≈ë,Petaki:
2023. 09. 26.
Buci:
2024. 09. 07.
"POINT (19.053562 47.479188)",M≈±hely,Petaki:
2022. 03. 21.
"POINT (18.150432 46.144588)",Orf≈±,Buci:
2023. 09. 18.?
Petaki:
2024. 06. 28.

"POINT (19.0494655 47.4769231)",Z√©H√° Pub,Petaki:
2021. 09. 29.
"POINT (19.0555071 47.4980617)",MADHOUSE Bistro & Craft Beer Bar,Petaki:
2023. 10. 21.
"POINT (19.0643179 47.501343)",57-es sz√°m√∫ italbolt,Petaki:
2023. 10. 05.
Petaki:
2024. 10. 02.
"POINT (19.0510208 47.4734588)",Hai Nam,Nubcake meg √∫gy igaz√°b√≥l aki a k√©pen van:
2019. 09. 31.
"POINT (6.201308 44.996422)",Les 2 Alpes,Kopasz:
2023. 01. 25.
"POINT (6.178212 44.985367)",Les 2 Alpes,Kopasz:
2023. 01. 25.
"POINT (19.0712554 47.4892631)",Club 32 S√∂r√∂z≈ë,Timi:
2023. 11. 22.
"POINT (19.0733591 47.4888572)",Turbina Cultural Center,Timi:
2023. 11. 22.
Petaki:
2024. 09. 07.
Lina:
2024. 09. 14.
Buci:
2024. 10. 05.
Petaki:
2024. 10. 05.
Lina:
2024. 10. 27.
Buci:
2025. 01. 11.
"POINT (19.0622513 47.4937172)",BTK,Lina:
2023. 11. 24.
"POINT (12.9757614 55.563317)",Malm√∂ Hyllie,B√©la:
2023. 12. 06.
"POINT (12.5836074 55.6723016)",Gyalogos h√≠dgeny√≥ ami ilyen k√∂r√∂kb≈ël √°ll,Buci:
2023. 12. 08.
B√©la & Kecso:
2023. 12. 08.
2023. 12. 08.

"POINT (10.39023 55.396067)",Odense Albani Torv,Buci:
2023. 12. 09.
"POINT (10.4271504 55.3683558)",SDU Odense,Buci:
2023. 12. 09.
"POINT (10.799561 55.324169)",Nyborg,Buci:
2023. 12. 10.
"POINT (12.5702249 55.6835326)",Bootleggers,Buci:
2023. 12. 11.
B√©la:
2023. 12. 11.
"POINT (28.977745 41.007792)",Hagia Sophia,Den:
2023. 12. 12.
"POINT (12.5621014 55.6694724)",√òksnehallen,B√©la:
2023. 12. 15.
"POINT (12.9996848 55.6076241)",Malm√∂ C p√°lyaudvar mellett,B√©la:
2023. 12. 18.
2023. 12. 18.

"POINT (13.0003283 55.606416)",Malm√∂ (f≈ë)t√©r,B√©la & ZsG & Csh√©√©:
2023. 12. 18.
"POINT (18.062107 59.3346859)",Stockholm,B√©la & ZsG & Csh√©√©:
2023. 12. 19.
"POINT (18.0545117 59.3267999)",Stockholm v√°rosh√°za,B√©la & ZsG & Csh√©√©:
2023. 12. 19.
2023. 12. 19.
2023. 12. 19.

"POINT (18.0691649 59.3244096)",Stockholm sz≈±k utca,B√©la & ZsG & Csh√©√©:
2023. 12. 19.
ZsG:
2025. 10. 06.
"POINT (18.0705899 59.3278679)",Stockholm Riksdag,B√©la & ZsG & Csh√©√©:
2023. 12. 19.
"POINT (21.6887028 65.8251188)",Boden,B√©la & ZsG & Csh√©√©:
2023. 12. 20.
"POINT (20.5966921 67.8497319)",ICEHOTEL,B√©la & ZsG & Csh√©√©:
2023. 12. 20.
"POINT (17.441305555555555 68.44147222222223)",Narvik station,B√©la & ZsG & Csh√©√©:
2023. 12. 21.
"POINT (17.42488888888889 68.43483333333333)",Narvik,B√©la & ZsG & Csh√©√©:
2023. 12. 22.
2023. 12. 22.

"POINT (18.9866349 69.6484797)",Arctic cathedral,B√©la & ZsG & Csh√©√©:
2023. 12. 22.
"POINT (18.9755277 69.6518825)",Troms√∏ Bridge,B√©la & ZsG & Csh√©√©:
2023. 12. 22.
"POINT (20.1997673 67.8679441)",Kiruna,B√©la & ZsG & Csh√©√©:
2023. 12. 20.
"POINT (19.0628638 47.4973031)",HOPS BEER BAR BUDAPEST,Petaki:
2023. 12. 21.
"POINT (14.1617692 47.6885395)",Hinterstoder s√≠felvon√≥,Kopasz:
2024. 01. 06.
2024. 01. 06.

"POINT (14.1709789 47.6787498)",Hutterer B√∂den,Kopasz:
2024. 01. 06.
2024. 01. 06.
2024. 01. 06.

"POINT (14.1672707 47.677134)",B√§renh√ºtte, Hinterstoder Hutterer Boden,Kopasz:
2024. 01. 06.
2024. 01. 06.
"POINT (14.1635548 47.7061029)",Hinterstoder,Kopasz:
2024. 01. 06.
"POINT (14.1299257 47.691997)",Koglhofweg,Kopasz:
2024. 01. 06.
2024. 01. 06.
"POINT (4.886972222222222 52.361583333333336)",Amsterdam,Kopasz:
2023. 10. 27.
2023. 10. 27.

"POINT (12.5442791 55.697212)",Kapros kebabos,B√©la:
2024. 01. 21.
"POINT (19.0706514 47.487058)",4-es 6-os Corvin,Timi:
2024. 01. 27.
"POINT (19.1057073 47.5018695)",Papp L√°szl√≥ Budapest Sportar√©na,Timi:
2024. 01. 27.
"POINT (19.0601932 47.494775)",√ñrd√∂gsarok,Timi:
2024. 01. 27.
"POINT (19.0615806 47.5096278)",P√≥tkulcs,Dandu:
2024. 02. 08.
"POINT (20.1924873 47.1745456)",L√∫dl√°b bisztr√≥,B√©la:
2024. 02. 09.
2025. 03. 01.
"POINT (2.1756793 41.4017653)",BLACKBIRD Coffee Corner,Lina:
2024. 02. 11.
"POINT (2.1524973 41.3916259)",Paco Meralgo Restaurante,Lina:
2024. 02. 12.
"POINT (2.1654726 41.3637807)",Castell de Montju√Øc tet≈ëterasza
,Lina:
2024. 02. 13.
"POINT (20.0598869 47.9257545)",Elizabeth Park Hotel,Timi:
2024. 02. 16.
"POINT (20.009558 47.872462)",K√©kestet≈ë,Timi:
2024. 02. 17.
"POINT (19.0560812 47.4917449)",Red Ruin,Den:
2024. 02. 20.

"POINT (6.222611111111111 44.99755555555556)",Les 2 Alpes,Kopasz:
2023. 01. 25.
"POINT (20.91277 47.309759)",Karcag, K√°das iskola,B√©la:
2024. 02. 23.
"POINT (-0.1740134 51.4941429)",South Kensington Tube,Kopasz:
2024. 03. 02.
"POINT (-0.0848024 51.5042625)",London Bridge railway station platform 14,Kopasz:
2024. 03. 03.
"POINT (-0.0208941 51.5062156)",London North Dock,Kopasz:
2024. 03. 03.
"POINT (-0.0746529 51.5040825)",Tower Bridge,Kopasz:
2024. 03. 03.
"POINT (-0.0729668 51.5036474)",Tower Bridge,Kopasz:
2024. 03. 03.
"POINT (-0.0751706 51.5059367)",Tower Bridge,Kopasz:
2024. 03. 03.
"POINT (-0.0741547 51.5083986)",Tower of London,Kopasz:
2024. 03. 03.
"POINT (-0.0767591 51.5096671)",Tower of London,Kopasz:
2024. 03. 03.
"POINT (12.378812 51.343657)",Liepzig Hauptbahnhof,Petaki:
2023. 10. 11.
"POINT (12.378026 51.340778)",Nikolaikirche Liepzig,Petaki:
2023. 10. 11.
"POINT (12.374592 51.33988)",Marktplatz Leipzig,Petaki:
2023. 10. 11.

"POINT (12.373411 51.33988)",Thomaskirche,Petaki:
2023. 10. 11.

"POINT (12.373464 51.336992)",Neues Rathaus,Petaki:
2023. 10. 11.
"POINT (12.5620582 55.6870532)",Sliders,B√©la:
2024. 03. 05.
"POINT (16.3528868 48.1976502)",Haus des Meeres,Buci:
2024. 03. 06.
2023. 03. 06.
"POINT (16.3539587 48.19858)",Ammuts√òn Craft Beer Dive,Buci:
2024. 03. 06.
"POINT (121.4911401 31.2410053)",Shanghai,B√©la:
2024. 03. 07.¬†
"POINT (121.4801826 31.2358159)",Nanjing Road,B√©la:
2024. 03. 07.¬†
"POINT (121.4991888 31.239021)",Oriental pearl tower,B√©la:
2024. 03. 07.
2024. 03. 07.
"POINT (121.0535072 31.1085423)",Chenghuang temple,B√©la:
2024. 03. 11.
2024. 03. 11.
"POINT (121.4451206 31.2413465)",Jade Buddha Temple,B√©la:
2024. 03. 12.
2024. 03. 12.
"POINT (116.4522146 39.9164987)",The Place,B√©la:
2024. 03. 13.

"POINT (19.060478 47.4914808)",M√©lypont Pressz√≥,Buci:
2024. 03. 13.
Petaki:
2024. 10. 10.
2024. 10. 10.
"POINT (19.0513712 47.4784293)",Szavanna Iv√≥ üòº,Buci:
2022. nyara
"POINT (116.3971621 39.9168038)",Forbidden City,B√©la:
2024. 03. 15.
"POINT (116.2754606 39.9999823)",Summer Palace,B√©la:
2024. 03. 16.
"POINT (10.6074068 45.4926022)",Sirmione centro storico,Kopasz:
2024. 03. 16.
"POINT (10.6079603 45.4933364)",Sirmione,Kopasz:
2024. 03. 16.
"POINT (10.6106767 45.4870646)",Sirmione,Kopasz:
2024. 03. 16.
"POINT (7.6866069 45.0710903)",Palazzo Madama,Kopasz:
2024. 03. 16.
"POINT (7.693761 45.070206)",Torin√≥,Kopasz:
2024. 03. 16.
"POINT (7.6918992 45.067856)",Torin√≥,Kopasz:
2024. 03. 16.
"POINT (7.6941174 45.0657421)",Torin√≥,Kopasz:
2024. 03. 16.
"POINT (116.5649297571465 40.43067087572268)",K√≠nai Nagy Fal Mutianyun√°l (10-es torony szerintem),B√©la:
2024. 03. 14.
"POINT (6.5503517 44.9105256)",Serre chevalier felvon√≥ teteje,Kopasz:
2024. 03. 18.
2024. 03. 18.
2024. 03. 18.
"POINT (4.458497 51.909171)",Rotterdam,B√©la:
2024. 03. 19.

"POINT (6.5099747 44.9319801)",Col de la cucumelle,Kopasz:
2024. 03. 19.
2024. 03. 19.

"POINT (6.5592637 44.9066361)",Col de la Ricelle
,Kopasz:
2024. 03. 19.
"POINT (6.5293192 44.9070317)",Eychauda felvon√≥ teteje
,Kopasz:
2024. 03. 22.
2024. 03. 22.

"POINT (6.4915798 44.9347357)",Yvet felvon√≥ teteje,Kopasz:
2024. 03. 19.
2024. 03. 19.
"POINT (19.0231089 47.4656483)",Bohemian pub,Timi:
2024. 03. 30.
"POINT (7.2771217 43.6964059)",O‚ÄôNeill‚Äôs Pub,Kecso:
2024. 05. 18.
"POINT (55.2932447 25.2645775)",Dubai Grand souk bej√°rata,B√©la:
2024. 05. 19.
"POINT (55.3021573 25.2702908)",Dubai,B√©la:
2024. 05. 19.
2024. 05. 19.
"POINT (55.2824896 25.2189152)",Museum of The Future,B√©la:
2024. 05. 20.
"POINT (55.2743764 25.197197)",Burj Khalifa 125. emelet f√©rfi wc,B√©la:
2024. 05. 20.
"POINT (54.3769278 24.4975155)",Abu Dhabi,B√©la:
2024. 05. 22.
"POINT (54.6454278 24.4267788)",Abu Dhabi rept√©r bez√°rt sz√°rnya,B√©la:
2024. 05. 25.
"POINT (14.3661492 35.9561307)",Malta: Mellieƒßa,Kopasz:
2024. 06. 01.
"POINT (14.4180724 35.9458594)",Malta: St. Paul's Bay,Kopasz:
2024. 06. 07.
"POINT (14.4011933 35.8841696)",Malta: Rabat/Mdina,Kopasz:
2024. 06. 07.
"POINT (14.4902181 35.9196688)",Malta: St. Julian's,Kopasz:
2024. 06. 07.
"POINT (14.5041046 35.9155161)",Malta: Sliema,Kopasz:
2024. 06. 07.
"POINT (14.3567242 35.9659356)",Malta: Mellieƒßa Bay
,Kopasz:
2024. 06. 07.
"POINT (14.5086285 35.8956117)",Malta: Valletta,Kopasz:
2024. 06. 07.
"POINT (14.5160146 35.8970705)",Malta: Valletta,Kopasz:
2024. 06. 07.
"POINT (14.5167562 35.8973486)",Malta: Valletta,Kopasz:
2024. 06. 07.
"POINT (20.225194444444444 39.16025)",Antipaxos,Felcser & ZsG:
2024. 06. 11.
"POINT (20.18541666666667 39.20008333333334)",Paxos,Felcser & ZsG:
2024. 06. 11.
"POINT (17.6688055 47.6947595)",Xantus J√°nos √Ållatkert,Timi & Alfi:
2024. 06. 12.
"POINT (17.6597275 47.5782862)",Lila-hegyi Kil√°t√≥ (Geod√©ziai m√©r≈ëtorony),Timi & Alfi:
2024. 06. 12.
"POINT (17.7640547 47.5477771)",Boldog M√≥r-kil√°t√≥,Timi & Alfi:
2024. 06. 13.
"POINT (19.708694444444443 39.67569444444444)",Paleokastritsa,Felcser & ZsG:
2024. 06. 14.
"POINT (19.9214621 39.7932946)",Kassiopi ,Felcser & ZsG:
2024. 06. 14.
"POINT (19.0572838 47.4598982)",D√ºrer Kert,Timi:
2024. 06. 14.
2024. 07. 20.
Petaki:
2024. 09. 07.
Lina:
2024. 11. 09.
Petaki:
2025. 05. 31.
2025. 06. 12.
"POINT (19.7027676 39.7920643)",Œ£œÑŒ¨œÉŒ∑ ŒöœÑŒ≠Œª,Felcser & ZsG:
2024. 06. 16.
"POINT (19.9163419 39.5906768)",Corfu Airport Planespotting Spot,Felcser & ZsG:
2024. 06. 16.
"POINT (19.0619206 47.4634799)",Kopaszi-g√°t,Timi:
2024. 06. 22.

"POINT (21.6093454 47.491503)",Debrecen International Airport,Bajusz:
2024. 06. 23.
"POINT (9.189638888888888 48.786027777777775)",Stuttgart Neckartor,Bajusz:
2024. 06. 23.
"POINT (9.222084 48.795661)",Stuttgart,Bajusz:
2024. 06. 23.
"POINT (9.2307739 48.7921266)",MHP arena stuttgart, 28B szektor, 15. Sor, 24es szek elotti korlat,Bajusz:
2024. 06. 23.
"POINT (19.262589 47.920905)",Romh√°ny vas√∫t√°llom√°s (buszmeg√°ll√≥),Timi:
2024. 07. 10.
Petaki, Gazsi, Szili, Buci:
2025. 07. 10.
"POINT (19.1849458 47.9211144)",B√°nk vas√∫t√°llom√°s,Petaki:
2024. 07. 12.
2024. 07. 12.

"POINT (9.188716 45.464008)",Mil√°n√≥i d√≥m,Kopasz:
2024. 07. 15.
"POINT (9.181386 45.468815)",Castello Sforzesco,Kopasz:
2024. 07. 15.
"POINT (9.181974 45.469372)",Mil√°n√≥,Kopasz:
2024. 07. 15.
"POINT (19.0448539 47.4671314)",Innovation offices 3. emelet n≈ëi mosd√≥ bal oldali f√ºlke,Timi:
2024. 07. 25.
"POINT (19.0969684 47.4770114)",Tilos R√°di√≥ cigiz≈ë,Lina:
2024. 07. 30.
"POINT (15.345572 44.282714)",Ra≈æanac,Dandu:
2024. 08. 01.
"POINT (18.9804442 47.7937484)",Visegr√°d Castle - Citadel,Timi:
2024. 08. 02.
"POINT (15.228661 44.113056)",Zadar,Dandu:
2024. 08. 02.
"POINT (18.82277 47.829555)",Helemba,Timi:
2024. 08. 02.
"POINT (24.95276179694712 60.170060500838794)",Helsinki Cathedral,Lina:
2024. 08. 08.
"POINT (24.9136295 60.1581649)",Barley & Bait,Lina:
2024. 08. 08.
"POINT (14.27102 40.856211)",N√°poly,Kopasz:
2024. 08. 09.
"POINT (14.481952 40.696461)",Castellammare di Stabia,Kopasz:
2024. 08. 09.
"POINT (14.42293 40.820876)",Vez√∫v,Kopasz:
2024. 08. 09.
"POINT (14.484022 40.748768)",Pompei,Kopasz:
2024. 08. 09.
"POINT (14.485048 40.628921)",Positano,Kopasz:
2024. 08. 09.

"POINT (14.485267 40.627674)",Positano,Kopasz:
2024. 08. 09.
"POINT (24.94862 60.164744)",Kasarmitori/Etel√§inen Makasiinikatu sarka,Lina:
2024. 08. 09.
"POINT (24.940377 60.166776)",Vanha kirkkopuisto,Lina:
2024. 08. 09.
"POINT (24.937122 60.173007)",Kansalaistori,Lina:
2024. 08. 09.
"POINT (24.9185301 60.1738218)",Etu-T√∂√∂l√∂,Lina:
2024. 08. 09.
"POINT (12.609597 55.693824)",Reffen,B√©la:
2024. 08. 10.
"POINT (12.532402 55.716519)",Shrek templom,B√©la:
2024. 08. 11.
"POINT (18.1595947 46.9644088)",Lejt≈ë B√°r,B√©la:
2024. 08. 16.
"POINT (19.0498209 47.4790307)",W√∂mbat Bagel,Lina:
2024. 08. 18.
Petaki:
2024. 10. 05.
"POINT (18.9543876 47.534289)",Csan√°di t≈±zrak√≥hely,Timi & Alfi:
2024. 08. 19.
"POINT (18.9551711 47.5335739)",Ka√°n K√°roly-kil√°t√≥,Timi & Alfi:
2024. 08. 19.
Petaki nevt√∫r√°n:
2024. 09. 21.
2024. 09. 21.
"POINT (14.244525 40.548419)",Capri,Kopasz:
2024. 08. 09.
"POINT (14.375915 40.626411)",Sorrento,Kopasz:
2024. 08. 09.
"POINT (14.372762 40.628167)",Sorrento,Kopasz:
2024. 08. 09.
2024. 08. 09.

"POINT (14.376353526360266 40.626947923977916)",Sorrento,Kopasz:
2024. 08. 09.
"POINT (18.7610144 47.4421807)",Bajusz esk√ºv≈ëje,Buci:
2024. 08. 31.
"POINT (21.6310362 47.5548209)",V√≠ztoronykert,Dandu:
2024. 09. 01.
"POINT (14.0065678 47.5578574)",Tauplitz,Timi:
2024. 09. 03.
"POINT (13.998531 47.5954218)",Tauplitzalm berghof,Timi:
2024. 09. 04.
"POINT (13.99454 47.598259)",Gro√üsee,Timi:
2024. 09. 04.
"POINT (13.6920417 47.528612)",5 Fingers,Timi:
2024. 09. 05.
"POINT (13.6473529 47.5571922)",Hallstatt,Timi:
2024. 09. 05.
"POINT (-80.1298101 25.7826366)",Miami beach,Bajusz & kedves Feles√©ge:
2024. 09. 06.
"POINT (-80.19994444444445 25.800083333333333)",Miami Wynwood,Bajusz:
2024. 09. 07.

"POINT (19.0914837 47.4474772)",Arzen√°l,Buci:
2024. 09. 08.

"POINT (139.5563462 35.3259856)",Tsurugaoka Hachimangu,B√©la:
2024. 09. 09.
2024. 09. 09.

"POINT (139.637566 35.455295)",Yokohama,B√©la:
2024. 09. 09.

"POINT (139.7974218 35.7149461)",Asakusa Shrine,B√©la:
2024. 09. 10.
2024. 09. 10.

"POINT (139.7752347 35.7113604)",Ueno,B√©la:
2024. 09. 10.

"POINT (139.7721857 35.6981654)",Akihabara,B√©la:
2024. 09. 10.

"POINT (136.6554249 36.5660731)",Oyama Shrine,B√©la:
2024. 09. 12.
2024. 09. 12.

"POINT (136.9058092 36.2547973)",Hachiman Shrine Shirakawa,B√©la:
2024. 09. 13.
2024. 09. 13.
2024. 09. 13.

"POINT (136.907568 36.2630895)",Ogimachi Castle Observation Deck,B√©la:
2024. 09. 13.

"POINT (137.2594848 36.1400197)",Takayama,B√©la:
2024. 09. 13.

"POINT (137.2599215 36.1439748)",Takayama Sh≈çwa-kan Museum,B√©la:
2024. 09. 14.
2024. 09. 14.

"POINT (135.676554 35.011685)",Kyoto, Arashiyama,B√©la:
2024. 09. 15.

"POINT (18.7860806 47.97906)",Vadreg√©ny Vend√©gh√°z,Buci:
2024. 09. 15.

"POINT (22.540092 48.094263)",Tarpa alm√°s,Dandu:
2024. 09. 15.

"POINT (135.7300825 35.0401749)",Fudo-do Temple,B√©la:
2024. 09. 16.
2024. 09. 16.

"POINT (135.7838454 34.9950535)",Kiyomizu-dera Sanjunoto (Three Story Pagoda),B√©la:
2024. 09. 16.
2024. 09. 16.

"POINT (135.848222 34.6811729)",Nara park,B√©la:
2024. 09. 16.
2024. 09. 16.

"POINT (135.780553 34.969819)",Fushimi Inari Taisha,B√©la:
2024. 09. 17.
2024. 09. 17.

"POINT (135.5013222 34.669395)",Dotonbori,B√©la:
2024. 09. 17.

"POINT (135.505052 34.670347)",Dilemma,B√©la:
2024. 09. 18.

"POINT (19.0528426 47.4923505)",H√°rom Holl√≥,Dandu:
2024. 09. 18.

"POINT (139.703084 35.6715585)",Takeshita street,B√©la:
2024. 09. 20.

"POINT (139.7005596 35.659482)",Shibuya Scramble Crossing,B√©la:
2024. 09. 20.
2024. 09. 20.

"POINT (15.829654 47.732239)",Naturfreundehaus Knofeleben,Dandu&Pacso:
2024. 09. 22.

"POINT (18.2389901 45.8547801)",Hark√°ny,Timi:
2024. 09. 22.

"POINT (19.0530664 47.4731856)",QPA 2024. Infopult,Timi:
2024. 09. 25.
"POINT (19.0462873 47.5406864)",Garden Kobuci,Buci&Petaki:
2024. 09. 28.
Timi:
2025. 06. 07.
"POINT (19.0777858 47.4832001)",Semmelweis Klinik√°k,Buci:
2024. 09. 28.
"POINT (19.0546235 47.5038348)",Toldi Klub,Petaki:
2024. 09. 28.
"POINT (16.0486272 47.8301005)",Skywalk Aussichtspunkt,Dandu&Pacso:
2024. 09. 21.
2024. 09. 21.
"POINT (18.9503087 47.4629451)",Kunyh√≥ - Pr√≥baterem √©s St√∫di√≥,Lina:
2024. 10. 01.
"POINT (19.057495 47.4765899)",Karman Club,Petaki:
2024. 10. 03.

"POINT (-4.4120806 36.7225294)",Mirador de la Coracha,Kecso:
2024. 10. 09.
B√©la&Nubcake&ZsG:
2025. 02. 09.
"POINT (19.0726637 47.4933923)",Caf√© Csiga,Lina:
2024. 10. 09.

"POINT (19.0259772 47.5085995)",Gravity Boulder,Buci:
2024. 10. 10.
"POINT (19.0332525 47.4651272)",ARC k√∂z√©rzeti ki√°ll√≠t√°s 2024.,Buci:
2024. 10. 11.
Petaki:
2024. 10. 11.
"POINT (19.0700435 47.4903977)",Andersen Pub,Dandu:
2024. 10. 17.
"POINT (19.0751396 47.4415795)",Barba Negra,Petaki:
2024. 10. 19.
2025. 06. 06.
Timi:
2025. 06. 16.
"POINT (19.0680687 47.4998803)",Dopamin,Buci:
2024. 10. 20.

"POINT (19.0530287 47.4730317)",Sch√∂nherz Koll√©gium (ENT hangpult),Dandu:
2024. 10. 21.
"POINT (5.9584304 52.2165987)",Finnegan's Irish pub,B√©la:
2024. 10. 24.

"POINT (19.0504723 47.4788332)",Fekete Delfin B√°r √âs K√°v√©z√≥,Petaki:
2024. 10. 24.
Timi:
2024. 11. 22.
"POINT (4.899967 52.375426)",Amsterdam,B√©la:
2024. 10. 25.

"POINT (4.899222 52.376808)",Amsterdam Centraal,B√©la:
2024. 10. 25.

"POINT (18.3109528 46.0882395)",Kaccen+S√°ri esk√ºv≈ëje (csokor),Lina:
2024. 10. 25.

"POINT (4.6418674 52.3840233)",Haarlem,B√©la:
2024. 10. 26.

"POINT (4.3204742 52.0789405)",H√°ga,B√©la:
2024. 10. 27.

"POINT (4.3076951 52.0771507)",Grote of Sint-Jacobskerk,B√©la:
2024. 10. 27.

"POINT (4.3078816 52.0789229)",Sixpence Public House,B√©la:
2024. 10. 27.

"POINT (19.0356723 47.5138372)",Manyi - Kultur√°lis M≈±hely,Buci:
2024. 10. 27.

"POINT (5.9392161 52.211608)",Holland ad√≥hivatal (Belastingdienst),B√©la:
2024. 10. 31.
"POINT (19.060685 47.505804)",Vault 51 - Gamer Bar,Buci:
2024. 11. 02.
"POINT (18.870156 47.860961)",M√°rianosztra, ≈êri telep b√°latraktor,Dandu:
2024. 11. 02.
2024. 11. 02.

"POINT (105.8507062 21.0313202)",The Note Coffee,B√©la:
2024. 11. 08.
2024. 11. 08.
2024. 11. 08.

"POINT (105.852037 21.033866)",Hanoi,B√©la:
2024.11. 09.

"POINT (105.8354974 21.0436741)",Hanoi,B√©la:
2024. 11. 09.
2024. 11. 09.

"POINT (105.064359 22.989185)",Qu·∫£n B·∫° District,B√©la:
2024. 11. 10.

"POINT (105.2748467 23.1217616)",H'mong coffee,B√©la:
2024. 11. 11.

"POINT (105.259945 23.105065)",ƒêi·ªÉm ng·∫Øm cua ch·ªØ M,B√©la:
2024. 11. 11.
2024. 11. 11.

"POINT (105.416715 23.228422)",M√®o V·∫°c,B√©la:
2024. 11. 11.

"POINT (105.361731 23.279445)",ƒê·ªìng VƒÉn,B√©la:
2024. 11. 11.
2024. 11. 11.

"POINT (105.3222182 23.3825604)",Northernmost Point of Vietnam,B√©la:
2024. 11. 12.
2024. 11. 12.

"POINT (105.0200054 23.0786152)",Lung Khuy Cave(Hang L√πng Kh√∫y),B√©la:
2024. 11. 13.
2024. 11. 13.

"POINT (105.854518 21.0334664)",Cafe Gi·∫£ng,B√©la:
2024. 11. 14.

"POINT (105.8441995 21.0302592)",Vas√∫t utca,B√©la:
2024. 11. 14.

"POINT (105.8467312 21.0301691)",ƒê√¥ng T√¢y Barbershop,B√©la:
2024. 11. 16.

"POINT (19.0573967 47.487022)",F≈ëv√°m t√©r M,Petaki:
2024. 11. 22.

"POINT (19.134745 47.488465)",GoGo Hami Junior,Buci:
2024. 11. 24.
"POINT (135.5258546 34.6872571)",Osaka Castle,B√©la:
2024. 09. 18.
"POINT (4.4579418 52.0697149)",SnowWorld,B√©la:
2024. 12. 02.

"POINT (24.9329932 60.1685732)",Semifinal,Lina:
2024. 12. 13.
"POINT (100.4987129 13.7627757)",Bangkok Norarat Sathan Bridge mellet,Enci&Havi&Domca:
2024. 12. 18.
2024. 12. 18.
"POINT (99.503372 14.0403054)",Kanchanaburi River Khwae Bridge,Enci&Havi&Domca:
2024. 12. 19.
"POINT (100.4938082 13.7610944)",Bangkok hippi kokt√©lpult,Enci&Havi&Domca:
2024. 12. 19.
2024. 12. 19.
"POINT (19.0715366 47.4891904)",ü§èüèª,Timi:
2024. 12. 19.
"POINT (19.1005233 47.474202)",MVM Dome,Timi&Felcser&Alfi&Petaki:
2024. 12. 20.
"POINT (19.953434 49.2940487)",Zakopane,Buci:
2024. 12. 21.
"POINT (19.933368 49.3064486)",Gubalowka felvon√≥ geny√≥,Buci:
2024. 12. 22.
"POINT (19.9467962 49.2978943)",Gubalowka,Buci:
2024. 12. 22.
"POINT (105.124134 10.706924)",Chau Doc,Domca&Enci&Havi:
2024. 12. 26.

"POINT (19.0578966 47.4977897)",K√∂zpont,Buci&Petaki:
2024. 12. 28.
Lina:
2025. 03. 07.
"POINT (19.0541608 47.4985273)",Akv√°rium Klub,Buci:
2024. 12. 28.
"POINT (104.9275104 11.5649583)",Phnom Penh,Domca&Enci&Havi:
2024. 12. 26.
"POINT (105.7870115 10.031539)",Can Tho market,Domca&Enci&Havi:
2024. 12. 29.
"POINT (104.9315511 11.5674179)",Phnom Penh riverside pad,Domca&Enci:
2024. 12. 26.
"POINT (19.1220006 47.4936582)",HUNGEXPO,Buci:
2024. 12. 31.
"POINT (106.6816295 10.7919867)",Ho Chi Minh City,Domca:
2024. 12. 31.
"POINT (103.9623963 10.2145214)",Phu Quoc,Enci&Havi:
2025. 01. 01.
"POINT (17.5856345 48.3777284)",Nagyszombat,ZsG:
2025. 01. 02.
"POINT (19.1597784 48.7333084)",Beszterceb√°nya,ZsG:
2025. 01. 02.
"POINT (18.7428709 49.2247502)",Zsolna,ZsG:
2025. 01. 03.
"POINT (21.2644562 48.7190532)",Kassa,ZsG:
2025. 01. 03.
"POINT (106.6979571 10.7802455)",Notre Dame cathedral of Saigon,Enci&Havi:
2025. 01. 05.
"POINT (19.0617398 47.4919771)",Br√≥dy Italint√©zet,Petaki:
2025. 01. 09.
"POINT (6.150704 46.200362)",Genf,Dandu:
2025. 01. 25.
"POINT (10.991905 45.438321)",Veronai random utca,Kopasz:
2025. 01. 25.
"POINT (10.993796 45.43957)",Arena di Verona,Kopasz:
2025. 01. 25.
2025. 01. 25.
"POINT (10.998519 45.442035)",R√°g√≥s fal,Kopasz:
2025. 01. 25.
"POINT (10.978697 45.442165)",Basilica di San Zeno Maggiore,Kopasz:
2025. 01. 25.
"POINT (11.907447148924813 46.51688405176909)",Alta badia siterep - Pralongi√° II. S√≠felvon√≥ alja
,Bajusz:
2025. 01. 27.
"POINT (0.11775000000000001 52.204638888888894)",King's Collage Chapel,Enci:
2025. 01. 27.

"POINT (11.8127504 46.4783794)",Refuge Sass Bec√® 7-es asztal,Bajusz:
2025. 01. 29.
"POINT (13.7261835 47.3692349)",Schladming,Domca:
2025. 01. 31.
2025. 01. 31.
"POINT (13.7242523 47.3748928)",Schladming,Domca:
2025. 01. 31.
2025. 01. 31.
"POINT (6.574326 44.4858966)",Les Orres: Coqs √©s edelweiss 2 p√°lya k√∂zti wc,Kopasz:
2025. 02. 01.
"POINT (6.5753637 44.4775056)",Les Orres: Fontaines felvon√≥ teteje,Kopasz:
2025. 02. 01.

"POINT (6.5758723 44.4888116)",Les Orres: H√ºtte, aminek Kopasz nem tudja a nev√©t,Kopasz:
2025. 02. 01.
2025. 02. 01.
"POINT (6.5716682 44.4682831)",Les Orres: Pousterle felvon√≥ teteje,Kopasz:
2025. 02. 01.
2025. 02. 01.¬†
"POINT (6.5756446 44.4886171)",Les Orres: Kopasz nem tudja a nev√©t h√ºtte s√∂rcsapja,Kopasz:
2025. 02. 01.
"POINT (6.5856707 44.4766802)",Les Orres: Cretes felvon√≥ teteje,Kopasz:
2025. 02. 01.
"POINT (6.5849894 44.4763156)",Les Orres: Cretes felvon√≥ teteje, de a m√°sik oldalt,Kopasz:
2025. 02. 01.
2025. 02. 01.
"POINT (6.5792787 44.4673531)",Les Orres: Genepi felvon√≥ teteje,Kopasz:
2025. 02. 01.
2025. 02. 01.
2025. 02. 01.
2025. 02. 01.
"POINT (-7.994306 31.624027)",Koutoubia,B√©la&Nubcake&ZsG:
2025. 02. 01.¬†
"POINT (-7.986496 31.631731)",Marrakech,B√©la&Nubcake&ZsG:
2025. 02. 01.
"POINT (-7.984717 31.620416)",Tinsmiths square,B√©la&Nubcake&ZsG:
2025. 02. 02.
"POINT (-7.999799 31.640058)",Marrakech,B√©la&Nubcake&ZsG:
2025. 02. 02.
"POINT (-7.438721 31.489818)",Cafe restaurant tiziait barka,B√©la&Nubcake&ZsG:
2025. 02. 03.
"POINT (-7.3787379 31.3197564)",Tizi Tishka - Panoramic View,B√©la&Nubcake&ZsG:
2025. 02. 03.
2025. 02. 03.
"POINT (-6.967423 30.938659)",Atlas studios bej√°rata Ouarzazate,B√©la&Nubcake&ZsG:
2025. 02. 03.
2025. 02. 03.
2025. 02. 03.
"POINT (-5.589904 31.585763)",Todra gorge,B√©la&Nubcake&ZsG:
2025. 02. 04.
"POINT (-4.015325 31.068649)",Merzouga,B√©la&Nubcake&ZsG:
2025. 02. 04.
"POINT (-4.012481 31.068695)",Tiharyin t√°bla,B√©la&Nubcake&ZsG:
2025. 02. 05.
2025. 02. 05.
"POINT (-4.9736165 34.0651253)",Al Attarine Madrasa,B√©la&Nubcake&ZsG:
2025. 02. 06.
"POINT (-4.984505 34.061372)",Fez blue gate,B√©la&Nubcake&ZsG:
2025. 02. 06.
"POINT (-6.582254 34.251259)",Kenitra vas√∫t√°llom√°s,B√©la&Nubcake&ZsG:
2025. 02. 07.
"POINT (-5.807244 35.788452)",Tanger,B√©la&Nubcake&ZsG:
2025. 02. 07.
2025. 02. 07.
"POINT (18.0627939 59.316913)",Drop Coffee,Lina:
2025. 02. 08.
"POINT (-5.608937 36.006061)",Kontinent√°lis Eur√≥pa (kindof) legd√©lebbi pontja,B√©la&Nubcake&ZsG:
2025. 02. 08.
2025. 02. 08.
"POINT (-4.4257179 36.7145988)",Avenida del Comandante Ben√≠tez,ZsG:
2025. 02. 09.
"POINT (19.0401037 47.5040973)",Kassa (Haj√≥),Buci:
2025. 02. 15.
"POINT (18.2276182 46.0763182)",Retro Music Club,Buci:
2025. 02. 23.
"POINT (18.2250493 46.0723647)",Monte Cristo,Buci:
2025. 02. 23.
"POINT (12.5715925 55.6825427)",Norreport,Domca&B√©la&Kecso&Buci&Klau:
2025. 03. 07.
"POINT (19.0349776 47.5135668)",Dugatty√∫s h√°z,Lina:
2025. 03. 17.
"POINT (19.0362376 47.5146959)",Bem Cinema,Petaki:
2025. 03. 27.
2025. 03. 27.
"POINT (60.3590098 41.3790481)",Terrassa Cafe & Restaurant,B√©la:
2025. 03. 28.
"POINT (64.411752 39.777486)",Bukhara,B√©la:
2025. 03. 30.
"POINT (64.428726 39.794169)",Ancient and eternal Bukhara complex,B√©la:
2025. 03. 31.
"POINT (66.976735 39.654352)",Registan square,B√©la:
2025. 04. 02.
"POINT (66.9472306 39.6598925)",Joseph beer,B√©la:
2025. 04. 02.
"POINT (66.9526232 39.6562555)",Samarkand ciq√°ny disco,B√©la:
2025. 04. 03.
"POINT (69.2911106 41.3119403)",Vm Bar, Rock Club,B√©la:
2025. 04. 04.
"POINT (108.942215 34.257874)",Zhouglou,B√©la:
2025. 04. 13.
"POINT (109.2801801 34.3859613)",Agyaghadsereg melletti aj√°nd√©kbolt,B√©la:
2025. 04. 14.
"POINT (112.4303601 34.6726605)",Luoyang,B√©la:
2025. 04. 16.
"POINT (112.4802934 34.5546831)",Xiangshan temple,B√©la:
2025. 04. 17.
"POINT (112.4786075 34.5519121)",Longmen grottoes,B√©la:
2025. 04. 16.
"POINT (120.6320297 31.32075)",Suzhou,B√©la:
2025. 04. 17.
"POINT (120.09378 30.24768)",Hangzhou,B√©la:
2025. 04. 18.
"POINT (120.101749 30.222803)",Longjingcan,B√©la:
2025. 04. 19.
2025. 04. 19.
"POINT (18.8878064 47.588849)",Nagykov√°csi, nagy sz√©n√°s tan√∂sv√©ny,Timi:
2025. 04. 19.
"POINT (19.1029287 47.4759719)",Cinema Hall Budapest,Buci:
2025. 04. 20.
"POINT (2.1534983 41.4135554)",Park G√ºell,Timi:
2025. 04. 23.
"POINT (2.1611668 41.4181551)",Bunkers del carmel,Timi:
2025. 04. 23.
"POINT (2.161284 41.419277)",Barcelona bunkers,Buci:
2023. 04. 08.
"POINT (2.169688 41.379063)",Barcel√≥ Raval skybar,Buci:
2023. 06. 01.
"POINT (2.791972 41.670641)",Blanes,Buci:
2023. 06. 03.

"POINT (2.806799 41.677032)",Cami de Ronda,Buci:
2023. 06. 03.
2023. 06. 03.
"POINT (2.167242 41.364144)",Castell de Montju√Øc
,Buci:
2023. 06. 17.
"POINT (2.1192227 41.4215457)",Tibidabo,Timi:
2025. 04. 24.
2025. 04. 24.
"POINT (12.649779 55.629767)",Koppenh√°gai rep√ºl≈ët√©r kettes v√°g√°nyra vezet≈ë ajt√≥ melletti oszlop,B√©la:
2025. 04. 24.
"POINT (2.1494767 41.3742192)",Pla√ßa d'Espanya,Timi:
2025. 04. 25.
"POINT (2.1676108 41.3634624)",Castell de Montju√Øc
,Timi:
2025. 04. 25.
"POINT (1.8057489 41.2332937)",Sitges,Timi:
2025. 04. 25.
"POINT (2.1771279 41.3762636)",Monument a Colom,Timi:
2025. 04. 26.
"POINT (2.1771226 41.3807319)",Pla√ßa de George Orwell
,Timi:
2025. 04. 26.
"POINT (16.6066846 49.1956326)",Stopkova Plze≈àsk√° Pivnice,Bajusz:
2025. 04. 26.
"POINT (2.1654385 41.3919066)",Casa Battl√≥,Timi:
2025. 04. 26.
"POINT (2.1738811 41.402921)",Sagrada Fam√≠lia,Timi:
2025. 04. 26.
"POINT (19.0664778 47.4901574)",Kis Fecske Pressz√≥,Petaki:
2025. 04. 26.
"POINT (19.0646116 47.4812492)",Pavilon Bar,Timi:
2025. 04. 30.
"POINT (73.6537479 5.3363604)",Jawakara Islands Maldives (Domca sziget),Domca:
2025. 05. 02.
2025. 05. 02.
"POINT (18.8651397 47.5517496)",Csergez√°n P√°l-kil√°t√≥,Buci:
2025. 05. 03.
"POINT (19.2164914 47.6228558)",F√≥t somly√≥ tan√∂sv√©ny
,Timi:
2025. 05. 03.
"POINT (15.644199 46.559157)",Stolna ≈æupnija Maribor,Dandu:
2025. 05. 04.
"POINT (3.2248051 51.2085945)",Bruges,Zsg:
2025. 05. 15.
"POINT (3.2293676 51.2087633)",Meebrug,Zsg:
2025. 05. 15.
"POINT (19.061984 47.5041498)",Oktogon buszmeg√°ll√≥,Domca:
2025. 05. 15.
"POINT (19.0675789 47.4901226)",Mix√°t,Domca:
2025. 05. 15.
"POINT (19.0639972 47.4960537)",Illegal Pub & Club,Domca:
2025. 05. 15.
"POINT (3.2241326 51.2110666)",Kibaszott s√ºltkrumpli m√∫zeum,ZsG:
2025. 05. 16.
"POINT (4.353539 50.836718)",Br√ºsszeli igazs√°g√ºgyi palota,ZsG:
2025. 05. 16.
"POINT (4.3834433 50.8428626)",Soros HQ,ZsG:
2025. 05. 16.
"POINT (19.0581227 47.4980972)",Telep,Domca:
2025. 05. 16.
2025. 05. 16.
Timi:
2025. 05. 27.
"POINT (6.130244 49.609516)",Luxemburg cathedral,ZsG:
2025. 05. 16.
"POINT (19.0585636 47.4990028)",Aether,Domca:
2025. 05. 17.
"POINT (6.1351176 49.6078254)",Fontaine aux Colombes,ZsG:
2025. 05. 17.
"POINT (6.1332028 49.6001732)",Luxembourg f≈ëp√°lyaudvar,ZsG:
2025. 05. 17.
"POINT (23.7742223 47.6726872)",Bodi t√≥,Buci:
2025. 05. 17.
"POINT (23.5883382 46.7702651)",Szent Mih√°ly templom,Buci:
2025. 05. 18.
"POINT (19.0461562 47.4996504)",PONTOON,Petaki:
2025. 05. 26.
"POINT (19.0692007 47.498715)",Klub Vittula,Lina:
2025. 06. 01.
"POINT (22.0718944 48.231147)",Kisv√°rdai V√°r,Den:
2025. 06. 15.
"POINT (37.3957815 -2.7332489)",Amboseli,Klau:
2025. 06. 18.
2025. 06. 18.
"POINT (17.8738229 47.2635393)",Zirci ap√°ts√°g,Timi:
2025. 06. 24.
"POINT (17.6782779 47.2849848)",Hubertlaki-t√≥ (Gyilkos t√≥),Timi:
2025. 06. 25.
"POINT (24.9576709 60.1882035)",Solmu Pub,Lina:
2025. 07. 05.
"POINT (25.4683862 65.0179007)",Linnansaari alulj√°r√≥,Lina:
2025. 07. 10.
"POINT (29.15178 66.16538)",Ruka egyik hegycs√∫csa,Lina:
2025. 07. 15.
"POINT (25.4767119 65.0127262)",Paska Kaupunni - graffiti,Lina:
2025. 07. 16.
"POINT (25.846563 66.54356)",Rovaniemi mikul√°sfalu,Lina:
2025. 07. 19.
"POINT (17.3278122 46.7143402)",Tekerg≈ë Ker√©kp√°ros Pihen≈ë- √©s S√°toroz√≥hely,Timi:
2025. 07. 19.
"POINT (13.7249256 45.5491617)",Koper kik√∂t≈ë,ZsG, TL;DR Bandi:
2025. 07. 20.
"POINT (13.7771462 45.6571241)",Trieszt-Opitzfalva villamos v√©g√°llom√°sa,ZsG, TL;DR Bandi:
2025. 07. 20.
"POINT (25.4712457 65.0101137)",Mango Karaoke Bar,Lina:
2025. 07. 23.
"POINT (12.5729877 55.6829365)",IKONO Copenhagen,B√©la, Fl√≥, Ambrus:
2025. 08. 16.
"POINT (19.0560466 47.5021279)",Beer People - Bar and Specialty Beer Store,Petaki:
2025. 08. 21.
"POINT (73.6449995 5.3217602)",Jawakara Islands Maldives (Enci sziget),Enci&Havi:
2025. 08. 24.
"POINT (18.6007863 47.8279444)",B√©la,Buci:
2025. 08. 28.
"POINT (114.169477 22.293092)",Victoria Bay Hong Kong,B√©la:
2025. 09. 19.
"POINT (114.175494 22.299588)",Hong Kong vese sik√°tor,B√©la:
2025. 09. 19.
"POINT (114.1551611 22.2826307)",Hong Kong Pottinger Street,B√©la:
2025. 09. 20.
"POINT (114.1501999 22.2839729)",Man Mo Temple,B√©la:
2025. 09. 20.
"POINT (113.939905 22.289277)",Tung Chung,B√©la:
2025. 09. 21.
"POINT (8.7186488 40.8722773)",Szard√≠nia,Enci&Havi:
2025. 09. 21.
"POINT (110.290655 25.275517)",Guilin,B√©la:
2025. 09. 22.
"POINT (110.52365 24.92117)",20 Yuan Pattern Viewing Platform,B√©la:
2025. 09. 23.
"POINT (110.294505 25.286067)",Solitary beauty peak,B√©la:
2025. 09. 25.
"POINT (110.126295 25.747662)",Mi squish falunk,B√©la:
2025. 09. 26.
"POINT (110.149707 25.816094)",Longji rizsf√∂ldek,B√©la:
2025. 09. 26.
2025. 09. 26.
"POINT (113.240821 23.113223)",Guangzhou,B√©la:
2025. 09. 27.
"POINT (113.987847 22.539518)",Oct Loft,B√©la:
2025. 09. 30.
"POINT (114.078705 22.542894)",Shenzen,B√©la:
2025. 10. 01.
"POINT (113.539614 22.196863)",Macau,B√©la:
2025. 10. 02.
"POINT (114.185234 22.281031)",Causeway Bay Donki,B√©la:
2025. 10. 04.
"POINT (18.0746083 59.3294415)",Stockholm Str√∂mkajen,ZsG:
2025. 10. 06.
